feature,n_pairs,mean_norm_imp,median_norm_imp,max_norm_imp
%-funding_rate,37,0.028817038445777363,0.011523687184688903,0.15586802855122256
%-funding_rate_chg,37,0.01822653993672036,0.013019505886645149,0.06285726991607453
%-funding_rate_z30d,37,0.013384561982745272,0.006472887200201334,0.09513910273251253
%-ema-period_20_{BTC_INF}_4h,37,0.010205202415702296,0.0013852958798631094,0.12048190226129935
%-raw_close,37,0.00926588357167516,0.0060971694912309886,0.0389874479273165
%-btc_strength,37,0.009126498787979201,0.006203782070516502,0.06150357202233414
%-ema-period_50_{TF_4h},36,0.008564905189397688,0.0031506060711727,0.1123620638742936
%-macd_signal_gen_shift-2_{BTC_INF}_4h,37,0.008487835371474546,0.004878950982200638,0.08335811723357821
%-sma-period_20_{TF_4h},36,0.00794506478315865,0.001497150724746633,0.13463343638209824
%-sma-period_50_{TF_4h},36,0.00774216601090954,0.0016664406418760503,0.09427088818166932
%-adx-period_50_{TF_4h},36,0.007246941689078311,0.0046795311128702555,0.02886404393344427
%-sma-period_20_shift-2_{BTC_INF}_4h,37,0.006827748676546041,0.0019589412430257047,0.04136094819141926
%-atr_gen_shift-2_{BTC_INF}_1h,37,0.006429085081841637,0.0018844602777810424,0.0898638799087907
%-rsi-period_50_{TF_1h},36,0.006414823546280238,0.002036187762748061,0.06132625376866821
%-adx-period_10_{BTC_INF}_4h,37,0.0063784887230182545,0.004741442496204169,0.024292415233686623
%-adx-period_50_{BTC_INF}_1h,37,0.006288213481718021,0.004296726460085971,0.02368231779407588
%-bb_width-period_50_{TF_4h},36,0.006228836990526986,0.004479493631242921,0.049061605589451725
%-sma-period_10_shift-1_{BTC_INF}_4h,37,0.006161705413984317,0.00043930016239034173,0.19498293823951401
%-adx-period_20_{BTC_INF}_4h,37,0.006134391613379991,0.004142677678302897,0.04740005700101289
%-atr_gen_shift-1_{BTC_INF}_1h,37,0.005919556743731197,0.0015167659314025707,0.1412837936136722
%-bb_pct-period_50_shift-2_{TF_4h},36,0.005562142188340555,0.0016147222614787547,0.08560341919058927
%-sma-period_20_shift-1_{BTC_INF}_4h,37,0.005455473673166221,0.0009815489877872316,0.11073171342305346
%-atr_gen_shift-1_{BTC_INF}_4h,37,0.00545389146420733,0.0012986414002121363,0.1283769925577861
%-atr_gen_{BTC_INF}_1h,37,0.0053581252507020755,0.003334765941407944,0.03265258263808799
%-adx-period_10_shift-2_{BTC_INF}_4h,37,0.005354560853287656,0.0024633339094184033,0.051379951985458604
%-bb_width-period_10_{TF_4h},36,0.005289271053471818,0.0038921599177771573,0.02187867483415274
%-bb_width-period_20_shift-2_{BTC_INF}_4h,37,0.005088755546539771,0.004540118706352963,0.013634762846721738
%-rsi-period_50_{TF_15m},36,0.0050674964427319,0.005018298400613238,0.01530830715030318
%-roc-period_20_{TF_4h},36,0.005057113929399863,0.0028391911996493613,0.024205538641203093
%-adx-period_10_{TF_4h},36,0.00504318114834729,0.0032098466121370526,0.03415528047411328
%-bb_width-period_10_{BTC_INF}_4h,37,0.004953600653481259,0.004131273907425415,0.018674354260157542
%-ema-period_10_{TF_4h},36,0.0049430878153359815,0.0007657470756560008,0.04247572100571418
%-roc-period_20_{TF_1h},36,0.004925494309907206,0.0029381060115040037,0.02114225211352432
%-adx-period_10_{BTC_INF}_1h,37,0.004919687724966686,0.0034540369637576546,0.018624779071687216
%-bb_pct-period_20_shift-2_{BTC_INF}_4h,37,0.004837042157188682,0.0022439164350380124,0.029034302563960983
%-adx-period_50_{BTC_INF}_15m,37,0.004769833040060738,0.002914646703531583,0.020874351242655548
%-rsi-period_10_shift-1_{BTC_INF}_4h,37,0.004707293842406421,0.002387804691601924,0.03459206224216007
%-price_position_gen_{TF_4h},36,0.004639970635014911,0.0025884842383852406,0.03708817483600465
%-adx-period_20_{TF_1h},36,0.004594524623153049,0.0036536583765884277,0.02105694989206122
%-atr_gen_{BTC_INF}_15m,37,0.004575403108381629,0.0033311623829965524,0.01237773137538097
%-adx-period_50_{TF_1h},36,0.004511911075985174,0.0035730817146070043,0.015241341066298332
%-bb_width-period_50_{BTC_INF}_4h,37,0.004473033497323304,0.002740544182435189,0.04816059292789301
%-btc_oi_z30d,37,0.004452878486898797,0.0037265997981072523,0.013377568739123113
%-bb_width-period_20_{BTC_INF}_1h,37,0.004378815974729581,0.002535685209027905,0.029739461055665894
%-adx-period_50_{TF_15m},36,0.0043774992237009085,0.003216760947660309,0.014641465277853167
%-bb_width-period_20_{TF_4h},36,0.004356142732962923,0.003062791091386815,0.024723864273461904
%-adx-period_20_shift-2_{TF_15m},36,0.0043547188918646625,0.0016687402779210331,0.043360946866501125
%-adx-period_50_{BTC_INF}_4h,37,0.004320470700252904,0.0028267269695895847,0.016759851897138734
%-roc-period_50_shift-2_{BTC_INF}_4h,37,0.004317829809364271,0.0030376531945027468,0.013518032103187985
%-ema-period_50_{BTC_INF}_4h,37,0.0043099236754132264,0.0020660380762226502,0.03736472498389112
%-ema-period_20_{TF_4h},36,0.0042997561410175415,0.0014365781986134124,0.05253274412228141
%-sma-period_50_shift-2_{BTC_INF}_1h,37,0.004268536836700922,0.0008797966628610839,0.05746199091388366
%-relative_volume-period_10_shift-2_{BTC_INF}_4h,37,0.004115059548721038,0.003038236046359773,0.012406340559592442
%-adx-period_20_{TF_4h},36,0.004072537807873474,0.0017222972548487333,0.02461091551055704
%-bb_width-period_20_{TF_1h},36,0.004065782261442629,0.0025814918956579436,0.016100256476151695
%-adx-period_50_shift-1_{TF_4h},36,0.004027898652972582,0.0009312857709747543,0.0818305422342131
%-sma-period_50_shift-2_{TF_4h},36,0.0039818737686269125,0.0009786117082904182,0.05450669173439758
%-adx-period_20_{TF_15m},36,0.003935524065319909,0.002926993989190874,0.01670907354263862
%-ema-period_50_{TF_1h},36,0.003911957234041707,0.000816872381794609,0.030295834748156118
%-adx-period_20_{BTC_INF}_15m,37,0.0038967631509349947,0.002520679560747409,0.023138623645060412
%-bb_pct-period_50_shift-1_{TF_4h},36,0.0038447466811971434,0.001106589522405175,0.07525172771830356
%-adx-period_50_shift-2_{TF_4h},36,0.0038351093022895863,0.002195802931857757,0.02636577422568245
%-atr_gen_{BTC_INF}_4h,37,0.0037722045357842494,0.0018812280284342914,0.02988011239472579
%-hour_of_day,37,0.0037064398490142597,0.002773005973777912,0.015767828145260142
%-roc-period_20_shift-2_{BTC_INF}_4h,37,0.003682985838500788,0.0015309268826214535,0.06230171312397519
%-roc-period_50_{TF_4h},36,0.003643580318163843,0.001998249305293539,0.01576638808866468
%-bb_width-period_50_shift-2_{TF_4h},36,0.0036276269202725566,0.002904977657762764,0.011250697450746076
%-ema-period_10_{TF_15m},36,0.0035592038166486137,0.0019627267073279503,0.014992507096767412
%-sma-period_20_{TF_1h},36,0.0034541487698669087,0.0011209709726662728,0.03594798596526122
%-sma-period_10_shift-2_{BTC_INF}_1h,37,0.0033958610127158653,0.0004414568559074655,0.025348505303945893
%-price_position_gen_{TF_15m},36,0.003390236726510892,0.002794870782074544,0.0143448140103671
%-adx-period_20_{BTC_INF}_1h,37,0.0033874722299002003,0.0028008177122193795,0.010631091505348713
%-bb_pct-period_20_{TF_15m},36,0.0033726280934856957,0.0031281628551419307,0.008381752978942097
%-roc-period_50_{BTC_INF}_4h,37,0.0033403388946398604,0.0021642799011623746,0.015370728687846575
%-roc-period_20_shift-2_{TF_4h},36,0.0033393677697291053,0.0022262799201516743,0.016186665143636342
%-relative_volume-period_10_{BTC_INF}_4h,37,0.003334165787698058,0.0015680389791955921,0.026506750090092974
%-macd_hist_gen_{TF_4h},36,0.003316262989808223,0.0017041226233215359,0.023107033012330448
%-bb_width-period_10_shift-1_{TF_4h},36,0.003304745590666184,0.002303283173170241,0.01164436853881273
%-rsi-period_10_shift-2_{TF_4h},36,0.003299612399398012,0.0008279623937230489,0.06940539981120843
%-bb_pct-period_50_{TF_4h},36,0.0032951729710172153,0.0019327529374508932,0.04020474281959278
%-sma-period_10_{BTC_INF}_4h,37,0.0032758019786943695,0.0005900446555360389,0.04744055654691543
%-atr_gen_{TF_4h},36,0.0032550926559603557,0.0024369612696828777,0.02154873801689932
%-atr_gen_shift-1_{TF_4h},36,0.003249728416707212,0.0025460639421618627,0.015079936017343509
%-price_position_gen_shift-2_{TF_4h},36,0.003234338864864174,0.0016140147398591843,0.01809638423270213
%-bb_pct-period_10_{TF_15m},36,0.003233482873789583,0.0031761661685954555,0.005112120848099968
%-macd_gen_{TF_1h},36,0.0032334617027316385,0.001827770519566234,0.03045117831571496
%-rsi-period_50_{TF_4h},36,0.003229478071976852,0.002079564979724922,0.019443903383766666
%-adx-period_50_shift-2_{TF_1h},36,0.0032290154672604686,0.0019116532637354841,0.02340948268038982
%-macd_signal_gen_shift-2_{BTC_INF}_1h,37,0.0032065330880797,0.0022499476205400464,0.025652563454445044
%-bb_width-period_20_shift-1_{TF_4h},36,0.0031909669228898994,0.002260729963272593,0.014066176511517457
%-adx-period_20_shift-2_{BTC_INF}_4h,37,0.0031883964835459425,0.0021900937928755163,0.012374772207942175
%-relative_volume-period_20_shift-1_{TF_4h},36,0.0031843655974120254,0.0022002112278941438,0.015441755947571714
%-roc-period_10_shift-1_{TF_4h},36,0.003177520355618942,0.002084284387653225,0.031841413911471356
%-adx-period_50_shift-1_{BTC_INF}_4h,37,0.0031746580194143836,0.0015467880246456485,0.024338364940511358
%-rsi-period_50_{BTC_INF}_4h,37,0.003153391448069876,0.002193973881631451,0.016864517581212417
%-bb_width-period_20_shift-2_{TF_1h},36,0.0031360129576380427,0.003244159335069907,0.01542426325966016
%-adx-period_10_{TF_1h},36,0.003061819346969148,0.002476164487907427,0.007727127238412387
%-price_position_gen_{TF_1h},36,0.003057335045790798,0.0022544135840034552,0.011060463882705348
%-relative_volume-period_10_{TF_4h},36,0.0030561356634818586,0.001556038803405554,0.022843210704808686
%-adx-period_10_shift-2_{BTC_INF}_1h,37,0.0030203854145405126,0.0019236998590924394,0.012387106014409842
%-bb_width-period_50_shift-1_{TF_4h},36,0.003015255666286355,0.002063552320958467,0.010503071647913507
%-macd_signal_gen_shift-1_{TF_4h},36,0.0030151176830009205,0.0010287542019947087,0.0517470772741132
%-macd_hist_gen_shift-2_{TF_4h},36,0.003014665511123735,0.0019151962447713886,0.01491462886861139
%-adx-period_50_shift-2_{BTC_INF}_1h,37,0.0030101520950084238,0.0020195135848729176,0.02039215600399319
%-bb_width-period_20_shift-1_{BTC_INF}_4h,37,0.0030017112615524934,0.0020049787874720643,0.013434722351745093
%-bb_pct-period_10_shift-2_{BTC_INF}_4h,37,0.002982978754192901,0.0018006475305966648,0.019005723914442562
%-bb_width-period_20_shift-1_{TF_1h},36,0.002981386415847235,0.0015894447894485519,0.023116979373647407
%-adx-period_20_shift-2_{TF_1h},36,0.0029796304945562003,0.0025483161252832275,0.00926085691039432
%-roc-period_10_shift-1_{BTC_INF}_4h,37,0.0029636819199857557,0.001587997093956387,0.023073790560120475
%-macd_hist_gen_shift-2_{BTC_INF}_4h,37,0.0029338113028326085,0.002201484322097786,0.009871623578150716
%-roc-period_20_{BTC_INF}_4h,37,0.002906751185406641,0.0017049959120094826,0.013807104007251644
%-macd_hist_gen_shift-1_{TF_4h},36,0.0028752286087220477,0.001194458340250382,0.01910430052387947
%-rsi-period_20_{TF_4h},36,0.0028617473425495087,0.0017188367619246172,0.0119680803275817
%-ema-period_20_{TF_15m},36,0.0028541540769126193,0.0005648065372530332,0.03972805437324037
%-bb_width-period_50_{BTC_INF}_15m,37,0.002852008556928542,0.0012199980141700676,0.02151629193170536
%-adx-period_20_shift-2_{TF_4h},36,0.002851776763449903,0.001720910825793879,0.013174873451505642
%-roc-period_10_shift-2_{TF_4h},36,0.0028296920539094936,0.0017255703160286996,0.01420379691513905
%-roc-period_50_{TF_1h},36,0.0028194338624782755,0.002077780217635208,0.01277851760898677
%-relative_volume-period_20_shift-2_{TF_4h},36,0.0028180234668247874,0.00232317829461726,0.010995084558855546
%-adx-period_10_shift-1_{BTC_INF}_1h,37,0.0028156190404302964,0.0028920542216461457,0.0064535309675756375
%-relative_volume-period_50_shift-2_{TF_4h},36,0.002810114031701723,0.0019145961719904845,0.008984807848729171
%-bb_width-period_20_shift-2_{TF_4h},36,0.002809571406738913,0.0017610751118995313,0.01222447371983427
%-adx-period_50_shift-2_{TF_15m},36,0.0027986056599411152,0.001988336596726487,0.01721691169220967
%-bb_width-period_10_shift-2_{TF_4h},36,0.0027983372640223835,0.0024318565512870733,0.006140115917944481
%-relative_volume-period_50_shift-2_{BTC_INF}_4h,37,0.002782597092149891,0.0018333357511479292,0.013360575663659943
%-bb_width-period_50_{TF_1h},36,0.002766549356070137,0.0022337375087967985,0.009683654662872064
%-macd_gen_{BTC_INF}_1h,37,0.0027580528373242555,0.0019328150763594611,0.011712493581896508
%-ema-period_50_shift-1_{TF_4h},36,0.0027570488136825413,0.0006982101614643708,0.031396059829793384
%-roc-period_20_shift-1_{TF_4h},36,0.0027445931778692814,0.002627130655877451,0.010013397269534435
%-rsi-period_10_shift-2_{BTC_INF}_4h,37,0.002744208170181908,0.0017711673866403431,0.009437943071035699
%-bb_width-period_50_shift-2_{TF_1h},36,0.0027421835435875097,0.0015589857068204367,0.014005651166387752
%-rsi-period_10_{TF_15m},36,0.002731579620544203,0.002514961164974322,0.0061526009299152475
%-adx-period_20_shift-2_{BTC_INF}_15m,37,0.0027270349327684316,0.002038233880264566,0.010235645649399314
%-roc-period_50_shift-1_{BTC_INF}_4h,37,0.0027008095088547836,0.0022385802500384214,0.013425298603774212
%-ema-period_10_shift-2_{TF_1h},36,0.0026910245370554,0.00019380359531103418,0.07174735449276182
%-adx-period_10_shift-1_{TF_4h},36,0.002654635202964226,0.0019253500268089792,0.011221232078730038
%-atr_gen_shift-2_{TF_4h},36,0.0026516445378555855,0.0017476102265988047,0.02275346977551781
%-relative_volume-period_10_shift-2_{TF_4h},36,0.0026444517617484503,0.0017794666638669945,0.010401608994600818
%-rsi-period_10_{TF_4h},36,0.0026341873046228643,0.0014725859841465709,0.019021517814441613
%-macd_hist_gen_{TF_1h},36,0.002620088656452017,0.0022108529619469883,0.00842045238645536
%-bb_width-period_20_{BTC_INF}_4h,37,0.0025812372111633126,0.0024122096538659074,0.007402024773238119
%-bb_width-period_10_{TF_1h},36,0.002562208433378592,0.002211997603622135,0.009001437345480257
%-relative_volume-period_10_shift-1_{BTC_INF}_4h,37,0.0025581047665934175,0.0018959319290683756,0.007857577335590437
%-bb_width-period_50_{BTC_INF}_1h,37,0.002538185558884273,0.0014379558463096186,0.016486967542260738
%-relative_volume-period_10_shift-1_{TF_4h},36,0.002537050787315828,0.00187294508936112,0.0126119316340835
%-sma-period_20_shift-1_{TF_4h},36,0.0025283053852692265,0.0002330028970495841,0.04808760116739149
%-adx-period_50_shift-2_{BTC_INF}_4h,37,0.0024833146564521343,0.0012580556136861712,0.013438712111793398
%-macd_signal_gen_shift-2_{TF_1h},36,0.0024769985433798426,0.001344792781539649,0.030380110603924558
%-rsi-period_10_{BTC_INF}_4h,37,0.0024711609609144665,0.0007122016886540735,0.02593113939340245
%-adx-period_10_shift-2_{TF_1h},36,0.002466692751327389,0.002187672553849911,0.009018911812922756
%-ema-period_50_shift-2_{TF_1h},36,0.002441364883658433,0.00023306841788004896,0.02307342651269605
%-sma-period_10_{TF_1h},36,0.00244089321598411,0.0005149038469653441,0.02265418582972558
%-adx-period_20_shift-1_{TF_4h},36,0.002439339603044705,0.001373916586575861,0.020978080450584233
%-bb_pct-period_20_{TF_4h},36,0.0024276288013731087,0.0014015201134468043,0.01124658784890579
%-ema-period_10_{BTC_INF}_15m,37,0.0024127754030128274,0.0018869447703622642,0.009361990998336556
%-rsi-period_50_shift-2_{TF_4h},36,0.0024036080019325806,0.0015822394750212706,0.021508628585871263
%-rsi-period_10_shift-1_{TF_4h},36,0.002377717190200681,0.0020309780810722467,0.008569393248877327
%-bb_width-period_10_shift-1_{BTC_INF}_4h,37,0.0023772985355903684,0.00137243208205982,0.010668717568421096
%-fear_greed,37,0.0023764007084772056,0.0008393031545179323,0.020158036898371364
%-rsi-period_50_{BTC_INF}_1h,37,0.0023707513320543254,0.0011582065603976917,0.012572125317142014
%-ema-period_50_{TF_15m},36,0.002351085294932177,0.0006730655210417922,0.033014542836768156
%-relative_volume-period_20_shift-1_{BTC_INF}_4h,37,0.002305990068491048,0.0017031541299817184,0.013809516649410552
%-macd_hist_gen_shift-2_{TF_1h},36,0.0022762402418739828,0.001945764551128066,0.006750208234617837
%-adx-period_50_shift-1_{BTC_INF}_1h,37,0.0022690054999581965,0.0013302021675820701,0.02671215334575646
%-bb_width-period_50_{TF_15m},36,0.00226847339992917,0.0017282454589736388,0.012177075095467471
%-bb_pct-period_10_shift-1_{TF_4h},36,0.002266375361012596,0.0012448013636447053,0.009285987186698616
%-adx-period_20_shift-1_{BTC_INF}_4h,37,0.0022649033847155255,0.0017167060771835678,0.014847924384111533
%-adx-period_10_shift-2_{TF_4h},36,0.0022383927001132175,0.0014013792211052794,0.007515750636874679
%-roc-period_50_shift-2_{TF_4h},36,0.0022277228154870734,0.0019992786684535193,0.00532442878546001
%-bb_width-period_10_shift-2_{BTC_INF}_1h,37,0.0022242480476373583,0.0017462296234320618,0.006495737841293614
%-atr_gen_shift-2_{BTC_INF}_4h,37,0.002222358185660099,0.0010328996387319435,0.02225123510470178
%-macd_hist_gen_{TF_15m},36,0.002215937125789472,0.0019478787824042884,0.006052428275673189
%-macd_signal_gen_shift-1_{BTC_INF}_4h,37,0.002209730875516477,0.0013653289532325039,0.015992154290824963
%-adx-period_50_shift-2_{BTC_INF}_15m,37,0.0022046622859898477,0.0014687033716596922,0.008826255706047345
%-adx-period_20_shift-1_{BTC_INF}_15m,37,0.0022018789332407533,0.0007627050605052666,0.037654334072049246
%-bb_width-period_10_shift-2_{TF_1h},36,0.00217324393519381,0.0013507807607660565,0.009122693065656414
%-bb_pct-period_10_shift-2_{TF_4h},36,0.0021688096774813512,0.0018987842423404092,0.008424419655353434
%-relative_volume-period_50_shift-1_{TF_4h},36,0.002168534048166657,0.0017625467823510518,0.008345358200433984
%-relative_volume-period_50_{TF_4h},36,0.0021655761170165932,0.0014495188307537426,0.011087982593350757
%-rsi-period_20_{TF_15m},36,0.0021612343521622067,0.0018523184406287235,0.006456388829903832
%-sma-period_10_{TF_15m},36,0.0021568387182291913,0.0005406462644637473,0.02054090799051036
%-sma-period_50_{BTC_INF}_4h,37,0.0021542143760602903,0.0014240563082033755,0.009853108705817334
%-macd_hist_gen_{BTC_INF}_4h,37,0.002147676116458237,0.0013634285444257535,0.021126000776063768
%-price_position_gen_{BTC_INF}_4h,37,0.002138438600003284,0.001408838190786755,0.00930430514458603
%-relative_volume-period_20_{BTC_INF}_4h,37,0.0021372761796555084,0.001193582873960212,0.009867562691992446
%-macd_signal_gen_{BTC_INF}_1h,37,0.0021109298248708345,0.0012353316638722557,0.009787637651136485
%-roc-period_10_shift-2_{BTC_INF}_4h,37,0.0021085174591034955,0.0015327790872025513,0.009872318222081376
%-macd_hist_gen_{BTC_INF}_1h,37,0.0021055352084782776,0.0014316361609094485,0.010783572618768882
%-rsi-period_20_{TF_1h},36,0.002087150544696003,0.0010295603912712466,0.010833258977164186
%-relative_volume-period_50_shift-1_{BTC_INF}_4h,37,0.002080321170422876,0.0012585047168392138,0.008482914723634995
%-relative_volume-period_20_shift-2_{BTC_INF}_4h,37,0.0020532451799689876,0.0013693279190991842,0.007599474023424747
%-macd_gen_{TF_4h},36,0.0020518500806565158,0.0008814113412378255,0.022882733777252116
%-bb_pct-period_20_shift-1_{TF_4h},36,0.0020393383212526173,0.0010085729486677742,0.013244495300165483
%-rsi-period_20_shift-1_{TF_4h},36,0.00203691186032918,0.0005957097094855843,0.01914172753507506
%-bb_width-period_50_shift-1_{BTC_INF}_4h,37,0.0020349235207668655,0.0008992492348322671,0.017162791088487103
%-bb_pct-period_10_{TF_4h},36,0.0019944273566989148,0.0013647866568024163,0.007192014551547601
%-bb_pct-period_50_{TF_1h},36,0.0019905652237288043,0.0012674358239195614,0.0074399320019575225
%-bb_pct-period_50_{BTC_INF}_1h,37,0.0019720083568923446,0.001073884528463113,0.009586879436588796
%-bb_width-period_10_{BTC_INF}_1h,37,0.001968985533878939,0.0014344105244459438,0.006669675650329101
%-macd_signal_gen_{BTC_INF}_4h,37,0.0019662125778539944,0.001023023133814203,0.013921582760629016
%-price_position_gen_{BTC_INF}_1h,37,0.0019641001415917425,0.0012587506061121168,0.008207776999109632
%-adx-period_20_shift-2_{BTC_INF}_1h,37,0.00196409742945455,0.0009372357582159183,0.0117192443805008
%-roc-period_50_{TF_15m},36,0.001957972322937487,0.0011010934544830446,0.010059405214581063
%-macd_hist_gen_shift-1_{BTC_INF}_4h,37,0.0019328838700812343,0.001227894548516848,0.009092820850440124
%-day_of_week,37,0.0019320386676881843,0.0010557406531109246,0.01630396705397648
%-bb_pct-period_50_{TF_15m},36,0.0019306403189762952,0.0019450531063776283,0.003395683581589552
%-bb_width-period_50_shift-2_{BTC_INF}_15m,37,0.0019116505749414267,0.0013100983434003453,0.012663325084715701
%-bb_width-period_50_shift-2_{BTC_INF}_4h,37,0.001881080263370081,0.0013188384255924852,0.00899248891220808
%-bb_width-period_50_shift-2_{BTC_INF}_1h,37,0.0018785329373118811,0.0011860719845808278,0.007220492773672569
%-bb_width-period_10_shift-2_{BTC_INF}_4h,37,0.0018722983572294221,0.0012550087862260634,0.00807497138964624
%-atr_gen_{TF_1h},36,0.0018701725305367537,0.001436447217913155,0.010936865742399559
%-relative_volume-period_20_{TF_4h},36,0.0018685978410426093,0.0012586847120872866,0.009295320871406009
%-macd_gen_{TF_15m},36,0.0018527038218283437,0.001635924975207652,0.007083132773506428
%-roc-period_10_{TF_4h},36,0.0018431784433532157,0.0010688503698298294,0.008295125504770936
%-macd_signal_gen_shift-2_{TF_4h},36,0.0018377688267239125,0.0015449640762071832,0.005928636172532396
%-sma-period_50_shift-2_{TF_1h},36,0.0018358257906163251,0.0007847005529201726,0.016313783286341657
%-roc-period_20_shift-1_{BTC_INF}_4h,37,0.0018283468743638203,0.0012201156123531922,0.016391633739526554
%-ema-period_10_{TF_1h},36,0.0018241335991881606,0.0008546989369744915,0.013542133756829632
%-price_position_gen_shift-2_{BTC_INF}_4h,37,0.0018175736062040542,0.001060879140485086,0.007863829858044413
%-macd_gen_shift-2_{BTC_INF}_1h,37,0.0018062438797208085,0.0007049718080759773,0.015280480805129669
%-macd_signal_gen_shift-1_{TF_1h},36,0.0017784955346129621,0.0010666284370255896,0.021247314751469838
%-roc-period_20_{TF_15m},36,0.0017765772550436157,0.0014022177167451332,0.005273446501703296
%-adx-period_20_shift-1_{TF_1h},36,0.00177575274815286,0.0015221858808283687,0.005643989195938479
%-bb_pct-period_50_{BTC_INF}_15m,37,0.001768002501492507,0.0011407700503612832,0.006614415074660032
%-ema-period_10_shift-1_{TF_1h},36,0.0017677112595473209,8.074666832017866e-05,0.050092762125152644
%-rsi-period_50_shift-2_{BTC_INF}_4h,37,0.0017645245441347429,0.0010172409813679186,0.008632205907440934
%-price_position_gen_shift-1_{TF_4h},36,0.0017587471597490442,0.0013576944223239649,0.008307880031158862
%-sma-period_50_shift-1_{TF_4h},36,0.0017579147247076003,0.0007903146001236404,0.025469431001704474
%-sma-period_50_shift-2_{BTC_INF}_15m,37,0.0017559784444567226,0.0003219889362438454,0.030333370046834535
%-rsi-period_50_shift-1_{TF_4h},36,0.0017403014482140896,0.0011953498007642748,0.006068048549671318
%-macd_signal_gen_{TF_1h},36,0.0017278574268618921,0.0012038955505993551,0.007944073025214507
%-bb_width-period_10_shift-1_{BTC_INF}_1h,37,0.0017258364774052812,0.001107491485984764,0.009388394571793352
%-relative_volume-period_50_{BTC_INF}_4h,37,0.00170654790563512,0.0016098922974085237,0.005734730901627018
%-macd_signal_gen_{TF_4h},36,0.0016859729117471628,0.0013391557007899478,0.008225887813245923
%-bb_pct-period_20_shift-2_{TF_4h},36,0.0016835860247663478,0.0012429626025256624,0.009642475055546617
%-sma-period_50_{BTC_INF}_15m,37,0.0016803557711642996,0.0002921501686950624,0.01917430100981707
%-sma-period_20_{BTC_INF}_4h,37,0.0016634533987335655,0.0014204890346326696,0.005248487907349807
%-bb_width-period_20_shift-2_{BTC_INF}_1h,37,0.0016604252615231296,0.000752658648049705,0.01157905915801007
%-sma-period_20_{BTC_INF}_1h,37,0.0016583311200277537,0.0007606963298655899,0.014595982174471278
%-atr_gen_shift-2_{TF_1h},36,0.0016460036915481825,0.0011018529593937235,0.006149023255211728
%-ema-period_20_shift-1_{TF_4h},36,0.0016419890798669455,0.00040641838807659096,0.01637439113038322
%-bb_width-period_20_shift-1_{BTC_INF}_1h,37,0.0016316426714831302,0.0008407648876720551,0.015097977226731417
%-adx-period_10_shift-1_{TF_1h},36,0.0016258639722350142,0.0011288468177388091,0.005804871709501905
%-bb_width-period_50_shift-2_{TF_15m},36,0.001624883923459053,0.0015701302184777625,0.005391120461875282
%-sma-period_20_shift-2_{TF_4h},36,0.001620779605150813,0.0008187391053204708,0.015352398081006885
%-bb_pct-period_20_{BTC_INF}_4h,37,0.0016099301571745642,0.0010414195298402483,0.011849465439234394
%-macd_gen_shift-2_{TF_1h},36,0.001609541343424328,0.0007930373441054644,0.023710678437633904
%-adx-period_20_shift-1_{BTC_INF}_1h,37,0.0015923891170790602,0.0012287093571620544,0.00621948117437356
%-rsi-period_20_{BTC_INF}_4h,37,0.001581558801029212,0.0010932738378086528,0.005847399332381413
%-macd_gen_shift-1_{TF_1h},36,0.0015799036282053108,0.0007269507876707234,0.018587044738373016
%-roc-period_50_shift-1_{TF_4h},36,0.0015758677625068865,0.0009115201621758017,0.00838349258575154
%-macd_gen_shift-2_{BTC_INF}_4h,37,0.0015743199240772767,0.0006107894655651124,0.013689627801822538
%-macd_signal_gen_shift-1_{BTC_INF}_1h,37,0.0015546721281704866,0.0007019733115368475,0.008971918927126087
%-macd_gen_shift-2_{TF_4h},36,0.001525461904444777,0.0005332666814903519,0.014750074515978706
%-rsi-period_20_shift-2_{BTC_INF}_4h,37,0.0015179296664761899,0.0006836162146330697,0.016866869587687055
%-macd_gen_{BTC_INF}_4h,37,0.0014953009017914303,0.0015243028067254065,0.0037037631285172243
%-ema-period_50_shift-2_{TF_4h},36,0.0014941579970884817,0.0008967423997325477,0.0074555848824253935
%-ema-period_50_{BTC_INF}_1h,37,0.0014881356090564698,0.0005906639648934629,0.025536430485000663
%-sma-period_50_{TF_1h},36,0.001485184566774267,0.001034757803839638,0.008585935957851152
%-atr_gen_{TF_15m},36,0.001482249218427113,0.0010369860483234463,0.007760978074747826
%-ema-period_50_{BTC_INF}_15m,37,0.0014818574189437565,0.0003873572756355426,0.01855006284188473
%-macd_hist_gen_shift-2_{BTC_INF}_1h,37,0.0014788585678812821,0.0009953728302215666,0.00743635374194507
%-ema-period_20_shift-1_{BTC_INF}_1h,37,0.0014407465310800887,0.0001805528639859059,0.009968185641313711
%-sma-period_50_shift-2_{TF_15m},36,0.0014280838939747249,0.0006413101211158575,0.016042243319919065
%-ema-period_20_{TF_1h},36,0.0014121906392359784,0.0009526772053769435,0.009108520245293553
%-bb_pct-period_20_shift-1_{BTC_INF}_4h,37,0.001399752905403553,0.001138558414232725,0.006865980424631328
%-sma-period_50_{TF_15m},36,0.0013997090957226796,0.0006398418334498783,0.020229387386581386
%-bb_pct-period_10_shift-1_{BTC_INF}_4h,37,0.0013904463402003367,0.0011268347870165955,0.005486880441496991
%-price_position_gen_shift-1_{BTC_INF}_4h,37,0.0013862133904026003,0.0008593804478347264,0.007467169768984836
%-sma-period_50_shift-1_{BTC_INF}_15m,37,0.0013823230498896102,0.0002599494164128632,0.020228247742080332
%-bb_width-period_10_shift-1_{TF_1h},36,0.0013665663744873067,0.0011399864504617434,0.004165141475622963
%-sma-period_50_{BTC_INF}_1h,37,0.0013657790065775687,0.0005864824470601924,0.007944810756095301
%-atr_gen_shift-2_{BTC_INF}_15m,37,0.0013577368676660421,0.000993246687726671,0.005075050590041484
%-ema-period_50_shift-1_{TF_1h},36,0.0013563748247392058,0.000158512502852597,0.014951802661089385
%-rsi-period_20_shift-2_{TF_4h},36,0.0013500652873266938,0.0009796205247135836,0.0043445408403091695
%-ema-period_50_shift-2_{TF_15m},36,0.0013207523219664395,0.000315426079224609,0.023992636297644053
%-roc-period_20_shift-2_{TF_1h},36,0.001320619307572017,0.0009677097997944333,0.007476829163029396
%-sma-period_10_shift-2_{TF_15m},36,0.001318254482759795,0.0002652961911024904,0.018951134731714205
%-sma-period_20_shift-2_{TF_1h},36,0.0013144635474221064,0.0005665041369300245,0.011659564376489078
%-adx-period_10_shift-1_{BTC_INF}_4h,37,0.0013112007229930012,0.0009061908359011805,0.0063906792809614405
%-adx-period_50_shift-1_{BTC_INF}_15m,37,0.0013056541307841971,0.0006572880507652484,0.011444661309561278
%-adx-period_10_{TF_15m},36,0.0013049304431654273,0.0005670829676870768,0.010291982802378717
%-adx-period_50_shift-1_{TF_1h},36,0.0013010224489579838,0.001025735911058479,0.006009927301278398
%-roc-period_50_{BTC_INF}_1h,37,0.001282677201086015,0.0008973210281570661,0.004898546589673655
%-roc-period_10_{BTC_INF}_4h,37,0.0012681769223853805,0.0007309164791715459,0.009981519931558842
%-ema-period_50_shift-2_{BTC_INF}_15m,37,0.0012565485250639588,0.00018275363971382802,0.02594207548372316
%-bb_pct-period_50_shift-2_{BTC_INF}_4h,37,0.0012227585516825388,0.0007202370765377177,0.005001106849782384
%-atr_gen_shift-1_{BTC_INF}_15m,37,0.001210640693286013,0.0010433450340394698,0.004216873297883689
%-roc-period_20_shift-1_{TF_1h},36,0.0012079694086630669,0.00047743402603255463,0.008453975682928024
%-roc-period_10_{TF_15m},36,0.0011938360675408696,0.0010595477770309805,0.0043896590582854925
%-sma-period_50_shift-1_{BTC_INF}_4h,37,0.0011733000320428184,0.0009448480444173003,0.004091583202759987
%-bb_width-period_50_shift-1_{BTC_INF}_1h,37,0.0011668261299432644,0.0007448557000079082,0.006056627513723389
%-roc-period_20_shift-2_{BTC_INF}_1h,37,0.0011402931350443907,0.0007791518686727211,0.00622326957355671
%-macd_gen_shift-1_{TF_4h},36,0.0011356723090949433,0.0005288905991926066,0.014432202823352003
%-roc-period_50_shift-2_{BTC_INF}_1h,37,0.0011337367558444627,0.0006282156258495125,0.007377893479668837
%-bb_pct-period_10_{BTC_INF}_4h,37,0.0011312715863210053,0.0007580586855468015,0.004409116279336834
%-rsi-period_20_{BTC_INF}_1h,37,0.001089934635916619,0.0006824639116582725,0.008381928859512725
%-macd_hist_gen_shift-1_{TF_1h},36,0.0010848611177705777,0.0008858218136927278,0.005247050722321224
%-roc-period_10_{TF_1h},36,0.0010700160830408667,0.000689544442169233,0.005781164651114658
%-sma-period_10_shift-2_{TF_1h},36,0.0010614819821153443,0.0004238845779163682,0.007342849502122982
%-adx-period_50_shift-1_{TF_15m},36,0.0010467866596759212,0.0005859201047105792,0.004092626417521324
%-sma-period_10_{BTC_INF}_15m,37,0.0010333607728098527,0.00023728999113414693,0.010579678490496245
%-sma-period_50_shift-1_{BTC_INF}_1h,37,0.0010321134250522543,0.00039668323247906106,0.010499815399883428
%-atr_gen_shift-1_{TF_1h},36,0.0010320548917930631,0.0007615649189121896,0.005621331927500872
%-ema-period_50_shift-1_{BTC_INF}_4h,37,0.0010270488761983092,0.00015647059156407084,0.008356526275113177
%-ema-period_20_{BTC_INF}_15m,37,0.001021609601276981,0.0005485905259030295,0.006810591943598524
%-macd_gen_{BTC_INF}_15m,37,0.0010188716884305291,0.0005588431780534529,0.0046107709270386136
%-sma-period_10_shift-1_{BTC_INF}_1h,37,0.0010082236148327628,0.00032603145001453937,0.004928568495438276
%-rsi-period_10_{TF_1h},36,0.000994229311207929,0.00043942666691695095,0.005616457910793782
%-macd_hist_gen_{BTC_INF}_15m,37,0.000993440341766063,0.0006218416734226265,0.007032840343174019
%-bb_pct-period_50_{BTC_INF}_4h,37,0.0009916237302869965,0.0006953227748213251,0.004838107100377487
%-ema-period_10_{BTC_INF}_4h,37,0.0009813330442245804,7.280682036877165e-05,0.026475281513971653
%-bb_pct-period_20_{TF_1h},36,0.0009785670019470227,0.0005161025759385598,0.005130128614666352
%-ema-period_20_{BTC_INF}_1h,37,0.0009764845040835238,0.0003941034886645693,0.009145385738444737
%-macd_hist_gen_shift-1_{BTC_INF}_1h,37,0.0009590530218331945,0.0006730284822329014,0.004232635841792
%-bb_width-period_50_shift-1_{TF_1h},36,0.000957866635566565,0.0006643286739086355,0.004072889718420836
%-macd_signal_gen_{TF_15m},36,0.000950090088888599,0.000808308938448519,0.006342784714244288
%-sma-period_10_{BTC_INF}_1h,37,0.000946878756258986,0.00022345986012621403,0.014994894907137568
%-macd_gen_shift-1_{BTC_INF}_1h,37,0.0009467679003283442,0.0005293070303839161,0.005842554963361199
%-rsi-period_10_{BTC_INF}_1h,37,0.0009461646953710785,0.00043994609509964195,0.01110436604624361
%-ema-period_20_shift-2_{BTC_INF}_1h,37,0.0009395782342134553,0.0002060316910333107,0.011736382490325447
%-rsi-period_50_{BTC_INF}_15m,37,0.0009377363897941508,0.0005229762587693425,0.004885551738681874
%-bb_width-period_20_{TF_15m},36,0.0009350317088757474,0.0006779340487043829,0.005078973597978621
%-ema-period_10_shift-2_{BTC_INF}_1h,37,0.000929279287551134,5.9508386369116687e-05,0.01976721221591632
%-ema-period_50_shift-2_{BTC_INF}_4h,37,0.0009237937573028859,0.00014038536290631362,0.015939169972600774
%-sma-period_20_shift-1_{BTC_INF}_1h,37,0.0009150177224734933,0.0002641856344558318,0.009740291838152585
%-bb_pct-period_10_{TF_1h},36,0.0009133155889844717,0.0006257182495535927,0.003283055353138862
%-price_position_gen_shift-2_{TF_1h},36,0.0009119887412215293,0.0004901240015376851,0.0063685359288793006
%-ema-period_20_shift-1_{TF_1h},36,0.0009098928951725618,0.00034246563266097517,0.010790403740985737
%-price_position_gen_shift-1_{TF_1h},36,0.0009063044334703661,0.0006586201729840244,0.0028425234875466424
%-adx-period_10_{BTC_INF}_15m,37,0.0009057769958096127,0.0003502606100129408,0.006265739791429446
%-rsi-period_50_shift-1_{BTC_INF}_1h,37,0.0008996551007145478,0.0004750104507441741,0.008293144241393862
%-sma-period_10_shift-2_{TF_4h},36,0.0008844856914186132,0.00035217767831159164,0.006714518486682848
%-roc-period_50_shift-2_{TF_1h},36,0.0008782030776733543,0.00043670673340848827,0.005385524868185816
%-adx-period_20_shift-1_{TF_15m},36,0.0008773511505599196,0.0005924463855518499,0.005606448067655889
%-macd_gen_shift-1_{BTC_INF}_4h,37,0.0008743427915271151,0.0004555955412189107,0.006306621179765129
%-sma-period_20_shift-2_{TF_15m},36,0.0008621715330188992,0.00023194141021564817,0.0058759065388846515
%-bb_width-period_10_{TF_15m},36,0.0008611249256601066,0.0006399635120003381,0.004251837471690523
%-ema-period_50_shift-1_{TF_15m},36,0.0008547091544016473,0.00010786097114529562,0.017501414510723838
%-rsi-period_50_shift-1_{BTC_INF}_4h,37,0.0008508459434878845,0.0004146235999043073,0.005601837149874397
%-sma-period_20_shift-1_{TF_1h},36,0.0008488181801355473,0.0004134176173161172,0.007553690586412113
%-bb_width-period_50_shift-1_{TF_15m},36,0.0008482636857395409,0.0004733478111917841,0.005931624392393165
%-bb_width-period_50_shift-1_{BTC_INF}_15m,37,0.0008446191080709397,0.00039774284675555996,0.006041344157298927
%-roc-period_50_shift-1_{TF_1h},36,0.0008360133040246693,0.0005472342259044216,0.005998548866214053
%-rsi-period_50_shift-1_{TF_1h},36,0.0008228305777849249,0.0002791088841082005,0.010710885545066275
%-roc-period_20_shift-1_{BTC_INF}_1h,37,0.0008189763258184702,0.0006354534082494348,0.00265754630555934
%-bb_pct-period_50_shift-1_{BTC_INF}_4h,37,0.0008091567278720246,0.00041374344846908484,0.004826778874413206
%-sma-period_50_shift-1_{TF_1h},36,0.0008004420968405109,0.0003076822764671707,0.007221059258750371
%-bb_pct-period_20_shift-2_{BTC_INF}_1h,37,0.0007960499177962725,0.00035531965100967763,0.002881347302589303
%-sma-period_20_{BTC_INF}_15m,37,0.0007910802724662002,0.00017373857794420743,0.010857613416882805
%-rsi-period_50_shift-2_{BTC_INF}_1h,37,0.000782523237962758,0.0002826478810864704,0.010951254710378226
%-ema-period_20_shift-2_{TF_1h},36,0.0007797011828698172,0.000539783117775523,0.003976685702486847
%-rsi-period_20_shift-1_{BTC_INF}_4h,37,0.0007679520384933789,0.0005277289234289807,0.004231989760330405
%-sma-period_50_shift-1_{TF_15m},36,0.0007679033878977362,0.00014002767481574582,0.00626196498161219
%-sma-period_10_{TF_4h},36,0.0007619772449822585,0.00037981477017933775,0.0041933873203354845
%-ema-period_10_shift-2_{TF_4h},36,0.0007564416972413036,0.00025298300299765006,0.0041831451129711785
%-bb_pct-period_50_shift-2_{BTC_INF}_1h,37,0.0007444938991722009,0.0004921147319725759,0.0023964942219458986
%-price_position_gen_shift-1_{BTC_INF}_1h,37,0.0007189584684973842,0.00039146058098894277,0.003204553745275971
%-roc-period_20_{BTC_INF}_1h,37,0.0007120922108386446,0.00046745392703995863,0.002080745502106342
%-bb_pct-period_50_shift-2_{TF_1h},36,0.0007115621813849315,0.0005643399933950998,0.0031600841837359354
%-ema-period_20_shift-2_{BTC_INF}_4h,37,0.000708479830506112,0.00021615473938770634,0.005708803763108137
%-macd_signal_gen_{BTC_INF}_15m,37,0.0007028357931921147,0.00030176668042504527,0.00399043025669094
%-sma-period_10_shift-2_{BTC_INF}_15m,37,0.0006987568728708617,0.00013546142468875524,0.0067242935355338405
%-relative_volume-period_10_shift-1_{BTC_INF}_1h,37,0.0006933057237877713,0.000475583545813448,0.004302214094995493
%-sma-period_20_shift-2_{BTC_INF}_1h,37,0.0006799118207621306,0.0002983092868937114,0.003288393668394202
%-ema-period_10_shift-1_{TF_4h},36,0.0006732405553102893,0.0001731202019905956,0.004075218258055018
%-roc-period_10_{BTC_INF}_1h,37,0.0006579739649877754,0.0004614668495268016,0.003215677012630408
%-sma-period_20_shift-2_{BTC_INF}_15m,37,0.0006510203433725604,0.0002603381358477497,0.0037715768169301295
%-bb_pct-period_10_shift-2_{TF_1h},36,0.0006509006155232052,0.00023032755004063148,0.005819322005412796
%-ema-period_10_{BTC_INF}_1h,37,0.0006468120169399078,0.0001965735124790521,0.00910654273595751
%-adx-period_10_shift-2_{BTC_INF}_15m,37,0.0006451067271518796,0.0002422217971051312,0.009512871513577133
%-bb_pct-period_10_{BTC_INF}_1h,37,0.0006384079026435283,0.0003660623324019314,0.0033279345955672585
%-relative_volume-period_50_{BTC_INF}_1h,37,0.0006354081183176369,0.00032594063028486205,0.002652931873643237
%-bb_pct-period_20_{BTC_INF}_1h,37,0.000627599748296634,0.00036364236270804753,0.0022265911202476577
%-adx-period_10_shift-1_{TF_15m},36,0.000620021917280061,0.00023175088496670557,0.005915468693136137
%-relative_volume-period_50_{TF_1h},36,0.0006149735166590261,0.0003658122191013746,0.004695994632020245
%-bb_width-period_20_{BTC_INF}_15m,37,0.0006140180980340465,0.000393281333201321,0.0035415150662628796
%-macd_signal_gen_shift-1_{TF_15m},36,0.0006097947507981326,0.00010794024216721768,0.009319811002043927
%-ema-period_20_shift-2_{TF_4h},36,0.0006022961917776373,0.0002614558395476576,0.003333127795684258
%-roc-period_50_shift-1_{BTC_INF}_1h,37,0.0006016999161839573,0.00046938976708219487,0.005110483992966117
%-bb_pct-period_20_shift-1_{TF_1h},36,0.0005874320426468075,0.00016477692591474743,0.006897707888610634
%-ema-period_50_shift-2_{BTC_INF}_1h,37,0.0005861229436428623,0.00018946346265441642,0.003776670809809103
%-bb_pct-period_10_shift-2_{BTC_INF}_1h,37,0.0005845254933673444,0.0003526519478069147,0.002861676670718317
%-atr_gen_shift-2_{TF_15m},36,0.0005818071522384006,0.0003215316570864715,0.0032594533800775986
%-bb_pct-period_20_shift-2_{TF_1h},36,0.0005772488457464499,0.00027557316098383335,0.0036379458369107187
%-sma-period_20_{TF_15m},36,0.0005670767489141792,0.00026268078704664633,0.0031560989787324458
%-sma-period_10_shift-1_{TF_1h},36,0.0005668149935059599,0.00018836131488559742,0.00308128574400676
%-bb_width-period_10_{BTC_INF}_15m,37,0.0005632592314127743,0.0002634761712363692,0.004832768206946022
%-rsi-period_20_shift-2_{BTC_INF}_1h,37,0.0005563863920652682,7.591495299660094e-05,0.005138327583788806
%-raw_open,37,0.0005554106782010998,0.0002423061004892628,0.004367088287390538
%-ema-period_20_shift-2_{TF_15m},36,0.000548200099499322,0.0001415393037634322,0.007847766803421983
%-sma-period_10_shift-1_{BTC_INF}_15m,37,0.0005436408487249371,0.00011691211601177954,0.00869425311813528
%-sma-period_20_shift-1_{TF_15m},36,0.0005400576163879422,8.855480817682632e-05,0.010560128270891854
%-sma-period_50_shift-2_{BTC_INF}_4h,37,0.0005372635912212282,0.00046321555199142805,0.001960000148884334
%-bb_width-period_20_shift-2_{TF_15m},36,0.0005332201388463695,0.00024961442137331775,0.0033353532791208325
%-relative_volume-period_10_{BTC_INF}_1h,37,0.0005281856824476454,0.0002880324766342517,0.0035896331559662252
%-bb_pct-period_50_shift-1_{BTC_INF}_1h,37,0.0005188196756793832,0.0003753854602518182,0.0017726238021650387
%-macd_signal_gen_shift-2_{BTC_INF}_15m,37,0.0005126146371023156,0.00029506909772341526,0.0018801459112670032
%-bb_pct-period_10_shift-1_{TF_1h},36,0.0005107823475829624,0.0002442985232923905,0.002621022204842813
%-price_position_gen_shift-2_{BTC_INF}_1h,37,0.000508463813046095,0.0003256890780785314,0.00266724843967879
%-relative_volume-period_10_{TF_1h},36,0.0005034312706713265,0.0003008020282982972,0.004812233316830354
%-roc-period_10_shift-1_{TF_1h},36,0.0005026703344993179,0.00022940476056515141,0.0022102920859864866
%-bb_width-period_20_shift-1_{TF_15m},36,0.0004990029896102887,0.00015557554625092077,0.007078334088463564
%-sma-period_10_shift-2_{BTC_INF}_4h,37,0.0004964316524293246,0.00015498440069728242,0.0029733187511682703
%-relative_volume-period_20_{TF_1h},36,0.0004887973004745658,0.00026304048801196594,0.003418561465638612
%-rsi-period_10_shift-1_{BTC_INF}_1h,37,0.0004881560857228831,0.0001792923690438397,0.004002493282778257
%-bb_pct-period_50_shift-1_{TF_1h},36,0.0004876293509457608,0.0002847855138260372,0.002435924340887321
%-sma-period_20_shift-1_{BTC_INF}_15m,37,0.00047741368895277893,0.00017338927161472006,0.0022467435413540877
%-bb_width-period_20_shift-2_{BTC_INF}_15m,37,0.0004714530527059187,0.0001528348777330486,0.00658342769839672
%-atr_gen_shift-1_{TF_15m},36,0.0004710170743270931,0.0002155788350699603,0.0023098963062394657
%-bb_pct-period_20_shift-1_{BTC_INF}_1h,37,0.0004657187708489577,0.0003093480946654739,0.0016975015105244573
%-relative_volume-period_10_shift-1_{TF_1h},36,0.00046499129576619267,0.00018593021733373172,0.007039827761220149
%-ema-period_10_shift-2_{BTC_INF}_4h,37,0.0004648139256929071,0.00012546780443957684,0.006297421493220966
%-ema-period_10_shift-1_{BTC_INF}_1h,37,0.0004532709182045006,7.558628423130728e-05,0.00683791720235187
%-relative_volume-period_20_shift-1_{TF_1h},36,0.00045208412181180473,0.0001921828605576896,0.0030052781773098496
%-roc-period_10_shift-2_{TF_1h},36,0.00045140524146817227,0.00026661037388684816,0.002938865553875949
%-adx-period_10_shift-2_{TF_15m},36,0.00044397415502548727,0.00027904590655027637,0.003277344826849466
%-relative_volume-period_50_shift-1_{BTC_INF}_1h,37,0.0004419529530244556,0.00032858887166747186,0.0029941345660105248
%-rsi-period_20_shift-1_{BTC_INF}_1h,37,0.00043342739639964267,0.00025488625619849445,0.002417694259232585
%-rsi-period_50_shift-2_{TF_1h},36,0.00043189988508224184,0.00024239512615436916,0.0018846059381793564
%-macd_signal_gen_shift-2_{TF_15m},36,0.00043182532493137715,0.0002583721700028383,0.0029540621616729983
%-roc-period_50_{BTC_INF}_15m,37,0.0004261626751691049,0.00011501473752370012,0.0025059104005699445
%-relative_volume-period_20_shift-1_{BTC_INF}_1h,37,0.0004240548472863785,0.00012874984151017559,0.0031749966862257522
%-rsi-period_10_shift-2_{TF_1h},36,0.0004204647896745111,0.0002496692122339107,0.002987376653892456
%-roc-period_10_shift-2_{BTC_INF}_1h,37,0.0004100961795128854,0.00025392368812473127,0.002184760388759782
%-ema-period_50_shift-1_{BTC_INF}_1h,37,0.0004078687254439288,6.835493467010422e-05,0.004615716985276069
%-sma-period_10_shift-1_{TF_4h},36,0.00038309691256514507,0.00014974275909010378,0.0022331939288484405
%-relative_volume-period_10_shift-2_{BTC_INF}_1h,37,0.00037720486387393676,0.00027308464377778715,0.0011367761466630297
%-rsi-period_20_shift-2_{TF_1h},36,0.00037443006478175925,0.00015771014438904998,0.004128123151326481
%-roc-period_20_{BTC_INF}_15m,37,0.00037066681337687477,0.00018217926091611714,0.002654981349745807
%-ema-period_20_shift-2_{BTC_INF}_15m,37,0.00036348588708889136,5.829723657710255e-05,0.006284443729846228
%-ema-period_10_shift-1_{BTC_INF}_4h,37,0.0003612405849664762,0.00015682336306188538,0.0025381342961266367
%-ema-period_10_shift-1_{TF_15m},36,0.0003450069412295571,0.0,0.005060628434562482
%-ema-period_10_shift-2_{TF_15m},36,0.00033703430375620844,2.0780404030827082e-05,0.0037436466688874743
%-relative_volume-period_10_shift-2_{TF_1h},36,0.0003342205972271879,0.00020860256401302498,0.003282203330913624
%-price_position_gen_shift-1_{TF_15m},36,0.00032950213343141806,5.055016331481583e-05,0.0020466903818241147
%-rsi-period_10_shift-2_{BTC_INF}_1h,37,0.00032755093954979123,0.00013917041185485164,0.0019087977336842384
%-ema-period_50_shift-1_{BTC_INF}_15m,37,0.0003236109807040154,0.000171339910882539,0.003027463776691566
%-price_position_gen_{BTC_INF}_15m,37,0.0003207518978179706,0.00011512640107009625,0.00210266590571212
%-regime_numeric,37,0.00031632799017278516,0.0,0.002344103310457915
%-roc-period_50_shift-2_{TF_15m},36,0.00031207173309380785,0.00014101391778043455,0.0022741294116745557
%-raw_volume,37,0.00030480851225740067,0.00013105646046565448,0.003066045873631117
%-ema-period_10_shift-1_{BTC_INF}_15m,37,0.0003044916927344687,5.7977340749729205e-05,0.003112972261247015
%-relative_volume-period_50_shift-2_{TF_1h},36,0.00030320140138276113,0.00010561646215401087,0.00279917986959533
%-roc-period_10_shift-1_{BTC_INF}_1h,37,0.00030154973955055873,0.00022457553792960396,0.001142948334614823
%-rsi-period_20_shift-1_{TF_1h},36,0.0003013603082141096,0.00011705673434332219,0.0019246870770332559
%-rsi-period_10_shift-1_{TF_1h},36,0.0002839000401749557,0.0002186562877827377,0.0014519835023437417
%-macd_hist_gen_shift-2_{TF_15m},36,0.0002813079565608552,9.045352851479163e-05,0.002564455891969188
%-relative_volume-period_20_{BTC_INF}_1h,37,0.0002743744084166383,0.0001874685559321952,0.0020436771886424743
%-bb_pct-period_10_shift-1_{BTC_INF}_1h,37,0.00027009252428680027,0.00011577174019128758,0.002707545727255162
%-relative_volume-period_50_shift-1_{TF_1h},36,0.00026339479869627163,0.0001695806558955324,0.0011784780676611932
%-roc-period_50_shift-1_{TF_15m},36,0.00025451427993222205,1.4936888419325868e-05,0.0036681147582399414
%-ema-period_20_shift-1_{BTC_INF}_4h,37,0.00024219456891259923,0.00013687515997128666,0.0014645747569668292
%-price_position_gen_shift-2_{TF_15m},36,0.00024128287639771156,8.165308663785078e-05,0.001125657343067865
%-bb_width-period_20_shift-1_{BTC_INF}_15m,37,0.00023967808930744968,0.00011100853714952575,0.0011721383067575788
%-relative_volume-period_20_shift-2_{BTC_INF}_1h,37,0.000239224749082878,0.00010226779311242188,0.001204006266074339
%-bb_pct-period_10_{BTC_INF}_15m,37,0.00023916100896542012,7.491939674947171e-05,0.004344638716635228
%-roc-period_10_{BTC_INF}_15m,37,0.00023762600677627892,0.00013466409757761913,0.0024853612452081487
%-relative_volume-period_20_shift-2_{TF_1h},36,0.0002373581823427247,0.0001505598939136834,0.0011654561554792294
%-roc-period_20_shift-1_{TF_15m},36,0.0002317521928604961,2.959286174704836e-05,0.0013721346642821695
%-macd_hist_gen_shift-1_{TF_15m},36,0.00022897641170767315,7.357720029101353e-05,0.0027704452979453414
%-relative_volume-period_50_shift-2_{BTC_INF}_1h,37,0.00022537172068130308,0.0001220504227308362,0.0012783377665502086
%-macd_gen_shift-2_{BTC_INF}_15m,37,0.00022515529950498374,3.494672996845784e-05,0.0038904363190671257
%-sma-period_10_shift-1_{TF_15m},36,0.00022140566965234428,7.307642528857293e-05,0.002818434159113668
%-macd_signal_gen_shift-1_{BTC_INF}_15m,37,0.00022049251920591153,0.0001240453808700904,0.0024641627583835758
%-rsi-period_20_{BTC_INF}_15m,37,0.00021911018162950886,0.00014405788831350964,0.0011197189812731738
%-bb_pct-period_20_{BTC_INF}_15m,37,0.00021314681180740154,6.009885615466347e-05,0.0025578886265834894
%-bb_width-period_10_shift-2_{TF_15m},36,0.00021155973907885747,0.00013199818469844556,0.0010630919024422613
%-roc-period_20_shift-2_{BTC_INF}_15m,37,0.00020600115341320852,4.984237461914034e-05,0.0031290974805367063
%-macd_gen_shift-2_{TF_15m},36,0.0002043108752191538,0.0001048900573914254,0.0013470382826251495
%-adx-period_10_shift-1_{BTC_INF}_15m,37,0.00020401904618287464,8.726807254325383e-05,0.002109387003010315
%-macd_hist_gen_shift-2_{BTC_INF}_15m,37,0.00020045009857175478,0.00010335860011229838,0.0010502800899391174
%-macd_gen_shift-1_{TF_15m},36,0.00018903677464927952,9.502114214810981e-05,0.00201019433692417
%-roc-period_20_shift-1_{BTC_INF}_15m,37,0.00018013531874642308,2.9807915717932885e-05,0.0036818268679274873
%-ema-period_20_shift-1_{TF_15m},36,0.00017910129125041133,6.990354050755828e-05,0.0012434863064328314
%-rsi-period_50_shift-1_{TF_15m},36,0.00017235321391243785,3.637130534510202e-05,0.0010836082661545303
%-rsi-period_10_{BTC_INF}_15m,37,0.0001690854003215671,5.446664811983036e-05,0.001392740409494451
%-ema-period_10_shift-2_{BTC_INF}_15m,37,0.0001653363018118148,0.0,0.0023995276356137425
%-macd_gen_shift-1_{BTC_INF}_15m,37,0.00015242815367513804,6.476883806135808e-05,0.0009696842948625034
%-ema-period_20_shift-1_{BTC_INF}_15m,37,0.00015176147811389788,0.0,0.0024323089281116967
%-roc-period_20_shift-2_{TF_15m},36,0.00014377695124225055,3.548269296080816e-05,0.0018325316610984504
%-macd_hist_gen_shift-1_{BTC_INF}_15m,37,0.00013290836383421945,4.561057519970687e-05,0.0009461460509131099
%-roc-period_50_shift-2_{BTC_INF}_15m,37,0.0001322076852554118,7.377341405420992e-05,0.0006962471703645612
%-rsi-period_10_shift-1_{TF_15m},36,0.00012952463437714581,0.0,0.0037049790676201783
%-bb_pct-period_50_shift-2_{BTC_INF}_15m,37,0.00012218059667028265,2.5507251575317112e-05,0.0008802333471383294
%-bb_width-period_10_shift-2_{BTC_INF}_15m,37,0.00011275100787706276,4.6153876684933175e-05,0.00048047106552913724
%-rsi-period_10_shift-2_{TF_15m},36,0.00011147953878400624,0.0,0.0031918465791706345
%-price_position_gen_shift-1_{BTC_INF}_15m,37,0.00010962988372886373,0.0,0.0014161356607523756
%-bb_width-period_10_shift-1_{BTC_INF}_15m,37,0.00010752049573744347,6.071411889909366e-05,0.0010487199453763456
%-bb_width-period_10_shift-1_{TF_15m},36,9.76599522568562e-05,3.645805154761884e-05,0.0010552709241999862
%-rsi-period_20_shift-1_{TF_15m},36,9.181248544884e-05,0.0,0.0007826772844571621
%-roc-period_50_shift-1_{BTC_INF}_15m,37,9.077391079139348e-05,4.149228356968525e-05,0.000840421994273011
%-roc-period_10_shift-1_{TF_15m},36,8.279329671273007e-05,0.0,0.0013273920582268003
%-rsi-period_50_shift-2_{TF_15m},36,8.163157189260833e-05,0.0,0.0012256453460076653
%-relative_volume-period_50_{TF_15m},36,8.108969331594812e-05,9.431205274863646e-06,0.000937616163251212
%-rsi-period_10_shift-1_{BTC_INF}_15m,37,7.036849601621854e-05,2.993380269010558e-05,0.0005155217862198636
%-bb_pct-period_50_shift-1_{TF_15m},36,5.767285400464581e-05,0.0,0.0008765160087015522
%-relative_volume-period_50_{BTC_INF}_15m,37,5.655102248454459e-05,0.0,0.00041042033489689406
%-bb_pct-period_20_shift-1_{TF_15m},36,5.6501520583313714e-05,0.0,0.0012813571552049562
%-price_position_gen_shift-2_{BTC_INF}_15m,37,5.3179536647274673e-05,0.0,0.0004955821585654186
%-bb_pct-period_50_shift-1_{BTC_INF}_15m,37,4.926312498404652e-05,0.0,0.00045888461921348925
%-relative_volume-period_20_{BTC_INF}_15m,37,4.4842937685967476e-05,0.0,0.0006845670541525467
%-bb_pct-period_50_shift-2_{TF_15m},36,3.96304155260029e-05,0.0,0.0004224392390330446
%-rsi-period_10_shift-2_{BTC_INF}_15m,37,3.6369373704245294e-05,0.0,0.0003286947972415412
%-rsi-period_50_shift-1_{BTC_INF}_15m,37,3.456474924398283e-05,0.0,0.0005502590242035004
%-rsi-period_20_shift-1_{BTC_INF}_15m,37,3.374722793817438e-05,0.0,0.00030797463199893965
%-rsi-period_50_shift-2_{BTC_INF}_15m,37,3.1026253670945155e-05,0.0,0.0005789343177078578
%-roc-period_10_shift-2_{BTC_INF}_15m,37,2.9513722807810563e-05,0.0,0.00026818877426784996
%-rsi-period_20_shift-2_{BTC_INF}_15m,37,2.863836526828903e-05,0.0,0.00033268983902949454
%-relative_volume-period_10_{TF_15m},36,2.7102398511113525e-05,0.0,0.00019600266877863113
%-relative_volume-period_20_{TF_15m},36,2.640182920774536e-05,0.0,0.0001637711313522199
%-roc-period_10_shift-2_{TF_15m},36,2.404653353073963e-05,0.0,0.00028489030326872214
%-bb_pct-period_20_shift-2_{BTC_INF}_15m,37,1.800974887288425e-05,0.0,0.00020351640736873192
%-bb_pct-period_10_shift-1_{TF_15m},36,1.7983227656366425e-05,0.0,0.0001581800935738112
%-roc-period_10_shift-1_{BTC_INF}_15m,37,1.7921085433570432e-05,0.0,0.00016174532700039787
%-rsi-period_20_shift-2_{TF_15m},36,1.7247867425919988e-05,0.0,0.0001371847513057955
%-relative_volume-period_20_shift-2_{TF_15m},36,1.404953356376999e-05,0.0,0.00027876900365090065
%-bb_pct-period_10_shift-1_{BTC_INF}_15m,37,1.2244156234530916e-05,0.0,9.943203172134816e-05
%-relative_volume-period_50_shift-2_{BTC_INF}_15m,37,1.1058689415716718e-05,0.0,0.0001517894769969442
%-relative_volume-period_20_shift-1_{BTC_INF}_15m,37,1.0489290098012668e-05,0.0,0.00031779847766711566
%-bb_pct-period_20_shift-2_{TF_15m},36,1.0376679771312384e-05,0.0,7.997029879901759e-05
%-relative_volume-period_20_shift-1_{TF_15m},36,9.646204857990594e-06,0.0,0.00015550917424659617
%-relative_volume-period_10_shift-2_{BTC_INF}_15m,37,9.217803793567967e-06,0.0,0.0001647448183014427
%-relative_volume-period_20_shift-2_{BTC_INF}_15m,37,9.158871347447223e-06,0.0,8.662893267508934e-05
%-relative_volume-period_50_shift-1_{BTC_INF}_15m,37,8.895687856872619e-06,0.0,0.00013432119212522143
%-bb_pct-period_10_shift-2_{TF_15m},36,8.705165993041871e-06,0.0,0.00010363605844748347
%-bb_pct-period_20_shift-1_{BTC_INF}_15m,37,7.938869920806618e-06,0.0,0.00010042666479925162
%-relative_volume-period_10_shift-2_{TF_15m},36,7.143403702553564e-06,0.0,9.904760923939063e-05
%-relative_volume-period_10_{BTC_INF}_15m,37,6.555973849251246e-06,0.0,0.0001085210405414866
%-relative_volume-period_50_shift-1_{TF_15m},36,5.674683296943471e-06,0.0,0.00010395570279301044
%-bb_pct-period_10_shift-2_{BTC_INF}_15m,37,4.586376464268434e-06,0.0,4.0061674525463725e-05
%-relative_volume-period_10_shift-1_{TF_15m},36,3.765260348345401e-06,0.0,3.890751078857832e-05
%-btc_oi_chg,37,8.35300540800956e-07,0.0,3.090612000963537e-05
%-relative_volume-period_10_shift-1_{BTC_INF}_15m,37,6.1337623035662e-07,0.0,2.269492052319494e-05
%-relative_volume-period_50_shift-2_{TF_15m},36,0.0,0.0,0.0
